{"cameraMode":{"drawMode":0,"name":"Shaded","section":"Shading Mode"},"sceneLighting":true,"audioPlay":false,"sceneViewState":{"m_AlwaysRefresh":false,"showFog":true,"showSkybox":true,"showFlares":true,"showImageEffects":true,"showParticleSystems":true,"showVisualEffectGraphs":true,"m_FxEnabled":true},"in2DMode":false,"pivot":{"x":-1.418396234512329,"y":7.809999465942383,"z":-11.377082824707032},"rotation":{"x":0.3440900444984436,"y":-0.014087704941630364,"z":0.005163077265024185,"w":0.9388192892074585},"size":6.916837215423584,"orthographic":false}