{"cameraMode":{"drawMode":0,"name":"Shaded","section":"Shading Mode"},"sceneLighting":true,"audioPlay":false,"sceneViewState":{"m_AlwaysRefresh":false,"showFog":true,"showSkybox":true,"showFlares":true,"showImageEffects":true,"showParticleSystems":true,"showVisualEffectGraphs":true,"m_FxEnabled":true},"in2DMode":false,"pivot":{"x":0.7397900223731995,"y":8.817916870117188,"z":-10.240732192993164},"rotation":{"x":0.10213112831115723,"y":-0.0029888737481087448,"z":0.00030659633921459317,"w":0.994768500328064},"size":8.011041641235352,"orthographic":false}