{"cameraMode":{"drawMode":0,"name":"Shaded","section":"Shading Mode"},"sceneLighting":false,"audioPlay":false,"sceneViewState":{"m_AlwaysRefresh":false,"showFog":true,"showSkybox":false,"showFlares":true,"showImageEffects":true,"showParticleSystems":true,"showVisualEffectGraphs":true,"m_FxEnabled":false},"in2DMode":false,"pivot":{"x":0.9929804801940918,"y":1.5746009349822999,"z":1.5652639865875245},"rotation":{"x":-0.13357675075531007,"y":0.8662871718406677,"z":-0.33202069997787478,"w":-0.3485199511051178},"size":0.8938183188438416,"orthographic":false}